"","CoStem","CoPetiole","CoBlade","tempNorm","RhNorm","VpdNorm","lightNorm","WP","A","gs","FvP.FmP."
"153",0.954180961329655,0.870789607189869,0.812215114303252,15.8461538461538,-38.4615384615385,3.69180659546447,698.222222222222,-0.4,15.9174286833333,0.668934149333333,0.592386578
"154",0.956166496755867,0.874834987585517,0.780375517972159,16.8461538461538,-39.9615384615385,3.95563468702275,696.994152046784,-0.55,16.9293875266667,0.362395282333333,0.705933265
"155",0.962274626422439,0.879427060034563,0.740294066050376,17.8461538461538,-41.4615384615385,4.2376031743335,694.654970760234,-0.35,16.95013,0.583645174,0.630134273
"156",0.964817376160919,0.873627501544101,0.72898830611003,17.8461538461538,-42.4615384615385,4.2922946333601,691.906432748538,-0.4,17.68498026,0.705274725666667,0.718981699
